frame;red;green;blue
0;109.563113604;107.588359046;95.8534361851
1;109.563113604;107.588047374;95.8537478573
2;109.714742091;107.810425432;94.5852423251
3;109.691678354;107.812607137;94.6148511766
4;107.620910649;106.518369476;93.1347343319
5;107.620910649;106.518369476;93.1347343319
6;109.884886562;108.832321117;96.7144851658
7;96.2571727749;94.9514136126;80.5744502618
8;99.821125731;97.2307748538;83.0019736842
9;95.4750232496;93.8560515478;82.7736814136
10;92.3352074755;90.75;76.4277003484
11;101.338206174;99.0544554455;86.5709959231
12;99.1004075788;96.0376184182;86.1703569068
13;97.8446159045;94.8240031539;83.8684951566
14;101.239674593;98.5187734668;87.8899666249
15;99.196557971;96.5375402576;86.4965780998
16;96.8180776721;93.6366708672;81.8959789208
17;99.200495763;96.1735746815;84.1091831441
18;97.2063372093;94.225755814;81.674244186
19;95.4124809741;92.0799086758;78.6416793506
20;97.8946892363;94.6377438946;81.3950768833
21;96.1598624002;92.4950347245;79.4849094567
22;94.8805745554;90.9675786594;77.531874145
23;97.3959745188;94.3261724044;80.2296692871
24;95.5408191314;91.6287795492;78.8807036833
25;93.904803178;90.3055254605;76.1022029614
26;99.0914320685;96.4430844553;83.6913096695
27;96.562930092;93.6107788282;81.2283748151
28;94.5641795312;90.9343910806;77.2731560892
29;97.1854810455;93.7900637657;80.6389881578
30;95.6229110325;92.3234865821;79.2350738506
31;93.9890412896;91.3732324661;77.4963942308
32;97.7653685006;94.8664056597;80.777594615
33;96.1535819768;92.9213544886;79.8624218696
34;94.7268806561;91.4986566742;78.2872596154
35;97.1341855317;94.013568521;80.4262658002
36;96.2485080989;92.3496732026;80.1558681444
37;94.8002739924;90.9402985075;77.8181555988
38;97.6954358642;93.8438964597;80.1668469248
39;96.4840091376;92.4203312393;79.966162193
40;94.5207578502;90.3300875604;76.2740791063
41;96.8523225567;93.0422891119;79.1453734671
42;95.9264652348;92.1376046596;78.9437204223
43;94.1083644511;90.2998506348;76.5513069455
44;97.5862984218;94.2732424677;80.080989957
45;96.5860832138;92.6107604017;79.6698708752
46;94.9149297857;90.766518847;77.003030303
47;97.3167910994;93.7541355585;79.1756697409
48;96.708405421;92.7066753172;79.9010236448
49;94.9939411852;90.8653760898;77.5763262893
50;97.7359301056;93.7525300328;80.3867491809
51;96.9148025407;93.7204501519;81.4508423088
52;94.7532191981;91.4084723442;77.3094088382
53;97.3220155709;94.2565599769;79.8335495963
54;96.9835565115;93.7624366891;80.776590578
55;94.9717839375;91.6984363895;78.5181947406
56;97.8073529412;94.7420868347;81.0883053221
57;97.4711908691;93.9918179318;81.7165154015
58;94.3171067738;90.4191350938;76.5495598928
59;97.3490292669;94.2786148942;80.2351492321
60;97.221182266;93.7398311049;81.2779028853
61;94.4631298951;91.1802866854;77.3140239397
62;96.953334304;93.8924723355;80.2398806057
63;96.8103745157;93.559979911;80.8740852346
64;94.5813191613;91.1247087944;78.1666423995
65;97.3048500502;94.1756349548;80.477902138
66;96.9729137199;93.591301273;81.2640028289
67;94.3144672676;91.0744790897;77.6466676518
68;96.813213345;93.8029704419;79.3680860404
69;97.0893390192;93.7405828003;80.6820895522
70;94.2850821271;90.7347933698;76.5206630166
71;96.5222417325;93.9514193737;79.1056482294
72;97.0820092972;94.1742177201;81.3367099147
73;94.3577205882;91.2683088235;76.9436029412
74;96.8017881606;94.0256687577;79.6482082342
75;97.8464733115;94.6893382353;82.0061955338
76;95.5313160226;92.6899066312;79.124650719
77;97.7316891892;95.3275;80.8448648649
78;99.1842833093;96.758958634;84.049001924
79;96.0207126207;92.8983682984;78.8191808192
80;98.6462585034;96.8839285714;82.3292031098
81;99.1547069682;97.4408167974;84.7736502077
82;97.0580811032;95.0622881851;81.5117447704
83;98.9424179722;96.9488619568;83.1280520248
84;99.1713525396;97.7520536851;84.216938563
85;96.2302476237;94.6805109887;80.7539504753
86;97.9534501643;96.808202507;81.7969453572
87;98.8807423531;97.4603047314;84.6541413679
88;96.3512643938;94.9784940167;81.7933506435
89;97.2284162896;96.0009653092;81.8569532428
90;100.083456571;99.2099477472;86.7674258109
91;96.8991345397;95.9643849987;82.5804878049
92;95.5225172837;94.9658202494;78.9061833689
93;98.167340472;97.6262565559;83.9311079545
94;96.2124434389;95.7465497738;81.0035067873
95;97.592202381;96.4157738095;81.6691071429
96;98.739739229;97.7363378685;84.5565192744
97;95.7837853774;94.5019457547;80.8017099057
98;96.7491105386;96.0901729849;81.044534413
99;98.7059918754;97.6360302415;84.7584631009
100;95.5357016614;95.0034759043;81.2842582774
101;96.3227106227;96.3087912088;81.0557997558
102;97.8802189122;97.8673549989;84.3553938163
103;95.1264769222;94.6122460858;81.0380071009
104;88.6069478908;85.6033498759;69.3843672457
105;98.9373487194;99.3402758232;86.1067267098
106;91.400260104;90.1965786315;74.3578431373
107;92.6406299213;91.3009448819;72.1598425197
108;95.0429675885;93.1699375558;76.3438893845
109;88.4295568562;85.5800585284;67.4362458194
110;86.2278911565;82.4472789116;63.808106576
111;85.2570257611;81.2362412178;63.4399882904
112;82.4833877996;78.712962963;59.9319172113
113;84.6472955975;81.9127044025;64.3378616352
114;86.8246987952;84.9014056225;68.5475903614
115;83.0254091301;80.4732988803;63.5137812231
116;84.4202679343;81.687337943;64.9604580812
117;86.7571810883;84.4888492417;68.9129348796
118;83.8598281418;81.306301468;65.5318653777
119;84.9445283019;82.3622641509;65.5218867925
120;87.9181904161;85.612704918;70.0556431274
121;84.4880390836;81.777796496;65.6490902965
122;87.0280373832;85.468556946;67.6266434342
123;88.8114015655;87.1900753212;70.972529907
124;86.9485696896;84.976567255;68.3667072428
125;87.3161616162;85.0813131313;67.9755892256
126;89.4505981391;87.6814355339;71.8625018461
127;86.9529252519;84.528650925;69.0678297488
128;87.7438924414;85.2198721102;68.746351861
129;91.0203683036;89.0552455357;74.2625558036
130;87.8680875576;85.7439516129;70.2350230415
131;89.5595725995;87.3458723653;71.1772540984
132;90.6454646018;88.747925885;72.6667588496
133;90.1237631074;87.9446167479;72.1072219761
134;90.5512932287;88.1559139785;72.577157803
135;90.9781209781;88.836979837;73.5373945374
136;90.9801229801;88.76004576;73.4207064207
137;98.839010989;97.8163461538;81.6065934066
138;98.6183035714;97.4112723214;80.8962053571
139;97.378962963;95.3122962963;77.2293333333
140;97.8017454545;95.9272727273;77.0469818182
141;96.54135451;93.7042253521;74.8374288283
142;96.9190307329;94.0647163121;75.2476359338
143;100.421794872;98.0744871795;80.3448717949
144;101.080754717;98.5046540881;81.0896855346
145;101.367179487;98.3651282051;80.6525641026
146;100.283589946;98.0761942361;79.7460192131
147;101.225161205;98.9536781155;80.7096986446
148;101.566127122;98.9661797605;80.7071983156
149;101.762851086;98.7702702703;80.848436672
150;101.939851616;98.5177530472;81.2138314785
151;102.45547238;98.8433144037;82.7879452762
152;102.752194115;98.8196954053;82.9197212184
153;104.021498771;100.439434889;85.0011056511
154;104.107002457;100.364987715;85.32002457
155;105.134934652;101.121982809;86.8437536795
156;105.420620227;101.578685489;87.4627401065
157;105.388010465;102.328745308;87.6518029803
158;105.854809843;102.502684564;88.6677852349
159;105.864317673;102.816331096;88.5761744966
160;105.645190157;103.127852349;88.2127516779
161;106.338602151;104.260537634;89.9637634409
162;105.906666667;103.475555556;89.6617777778
163;107.254750845;104.620038007;91.0535261824
164;107.140519426;104.69140625;91.0680954392
165;107.391043203;105.133298209;91.3638566913
166;107.868686869;105.376004947;92.172541744
167;107.794961735;104.546875;91.3619260204
168;107.183781449;104.51452327;90.9119965446
169;107.7984375;105.638020833;91.0996875
170;107.56748695;105.143283264;90.778203899
171;108.217671518;105.651975052;91.4392931393
172;108.201975052;105.611746362;91.4830561331
173;108.770384615;106.942307692;92.4180769231
174;107.822212838;105.206503378;91.3084881757
175;110.003479853;107.577106227;93.9653846154
176;109.763222576;107.783978152;93.6371415567
177;108.231649969;106.438765079;91.8082191781
178;109.786796537;108.252705628;93.4657287157
179;110.472514006;108.756477591;94.787640056
180;110.209754797;108.5507285;94.3510127932
181;108.880502532;107.42335411;93.1128749513
182;109.054927931;107.446630308;93.3467082197
183;109.883687259;107.655694981;94.3325289575
184;109.474218673;107.25140491;93.696342305
185;108.826830732;107.068327331;92.8132252901
186;108.970094749;107.237564153;93.0474733518
187;109.043478261;106.855171054;93.11042098
188;111.140422078;109.686363636;95.9930194805
189;110.81286596;109.329561639;95.7976736825
190;110.979478777;109.607911985;96.0326935081
191;111.896235704;109.867605847;97.1749602363
192;111.858820889;110.180083795;97.1229238366
193;112.100080533;110.497620616;97.535837177
194;112.028514589;110.440981432;97.3715738285
195;112.885758472;111.147054868;99.2901425498
196;112.90034965;111.334588488;98.7973372781
197;113.535260842;111.930358265;99.7818981772
198;112.959745628;111.981685215;99.1587281399
199;111.850935829;111.480013369;97.9733957219
200;111.325672043;111.715322581;97.323655914
201;108.503700516;107.153098107;92.9532702238
202;111.396343085;111.085837766;97.4008643617
203;108.223593964;106.640775034;92.6112825789
204;108.482191547;106.680044308;92.8146728016
205;111.018305224;109.938982586;96.170917318
206;110.964984836;109.844086022;96.0969120485
207;111.150604839;109.816465054;96.5906586022
208;111.052486559;109.922244624;96.3663306452
209;110.465437788;109.244518922;95.3102918587
210;110.687375984;109.537666781;95.645706466
211;111.112364076;109.664652974;96.1617666801
212;111.146798228;109.699221372;96.1097462747
213;110.964089139;109.487649349;96.0530943751
214;110.822819156;109.30714964;95.9050332384
215;110.947519672;109.106671228;95.9138556278
216;110.861712264;109.299033619;95.976521029
217;110.313154587;108.815877671;95.2280407764
218;110.452138214;109.100513171;95.7500513171
219;110.177339572;109.663168449;95.5170454545
220;110.037299465;109.887566845;94.9501336898
221;112.218765192;112.331898048;96.9972220293
222;112.197505198;112.290575191;97.2553707554
223;116.705002834;117.764526644;104.659084467
224;116.4881661;117.742984694;104.506023243
225;116.913265306;118.546992481;107.10141425
226;117.228368673;118.704428865;108.052924077
227;117.098944461;118.383742725;108.493341225
228;116.85855429;118.39338643;108.251134187
229;115.361289526;117.040637352;107.030508893
230;115.650228649;116.993573106;107.852799407
231;113.488642275;114.357898387;105.230795908
232;112.631033183;113.484728507;104.378770739
233;110.426690079;111.64881475;101.701492537
234;110.587796313;111.675153644;101.461369622
235;110.29499561;111.115013169;101.556628622
236;109.875918913;110.985074627;101.053241256
237;109.609598214;110.171205357;100.899776786
238;109.812307692;110.405054945;101.058021978
239;109.967466772;110.819083515;101.136480857
240;109.582424122;110.63162071;100.970839119
241;110.133998435;110.883607199;100.838615023
242;109.600695154;110.249846657;99.9697403394
243;109.163751987;110.015103339;98.9912559618
244;109.096383148;110.109101749;98.8602941176
245;110.414097744;110.669736842;100.442669173
246;110.265636918;110.551487414;99.9467963387
247;110.040999237;110.368421053;99.5745614035
248;109.82821256;110.168309179;99.3615458937
249;110.367965368;110.23169584;100.260869565
250;110.188596491;109.973874905;100.089816934
251;110.507613282;110.560447624;100.893597505
252;110.291527313;110.421033073;100.546822742
253;110.731607143;110.30875;101.109464286
254;110.954049296;110.588556338;101.333978873
255;110.583376804;110.75621631;101.374369675
256;110.279255782;110.832898626;100.881759694
257;110.627798196;111.260942198;101.369194788
258;110.359239776;111.060750042;101.136602749
259;109.68810558;111.140494487;101.143835616
260;109.373872369;111.107250251;101.036752422
261;110.016932595;111.489742755;101.317811788
262;109.926706827;110.876506024;101.030120482
263;109.495759948;109.776255708;100.448793216
264;109.47097195;109.598499674;100.711676451
265;105.086160714;104.302827381;92.4930059524
266;104.859030197;104.362804878;92.7231416957
267;104.840302668;103.583632019;91.311827957
268;104.345061728;102.837654321;90.2335390947
269;105.440495675;104.215649599;91.1525991739
270;105.647572286;104.200763775;90.9638375809
271;106.484242258;104.685667306;90.828994245
272;106.403329679;104.848520143;90.6184571115
273;106.91553288;105.305996473;91.1446837994
274;107.371788628;105.96170705;91.7519176915
275;107.990316701;106.58692185;92.3943950786
276;107.902288935;106.483724408;92.2304462848
277;106.51937554;104.54843885;89.6664198445
278;106.450303371;104.286170013;89.2049790455
279;106.115906674;104.551510602;89.3354600613
280;105.949417307;104.840317382;89.1150508306
281;105.557020897;104.48974261;89.0119138634
282;106.069698123;104.214167935;89.5674150178
283;106.203756509;104.437577486;90.6117654352
284;106.140838086;104.557897347;90.268782544
285;106.742299297;105.01188455;90.6536502547
286;106.800630609;105.061363085;90.7124666505
287;106.9847805;105.220409896;90.7857749212
288;106.80341984;105.326461315;90.3742420568
289;107.065656566;105.54503367;91.0794853295
290;106.98087232;105.334795322;90.5629873294
291;106.841374269;105.210404483;91.2363547758
292;107.027777778;105.520803271;91.4082491582
293;107.279521405;105.361772487;91.5208633959
294;107.06590154;105.299788584;91.4491694352
295;107.11481976;104.998058017;91.5075858721
296;107.39222382;105.289899353;91.9209801102
297;108.079616704;105.749201467;92.821483497
298;108.226851852;105.931610408;92.9382911392
299;107.579785331;105.580739416;92.0458556947
300;107.771735242;105.763148479;92.298986285
301;108.403060337;106.398539384;92.9879441257
302;108.097997266;106.026089024;92.3310156296
303;109.410118842;108.190781124;94.3470058844
304;109.553421022;108.179589247;94.2994692512
305;111.652278428;110.811141304;96.2256479933
306;111.687618147;110.844517958;96.2029510607
307;112.429776423;112.14120935;97.3785569106
308;112.560416667;112.219105691;97.6984247967
309;111.686620544;110.35711773;95.5588062852
310;111.739036116;110.316428236;95.302825985
311;109.669014085;107.947318527;92.2497291441
312;109.920021471;108.326623725;92.6674718196
313;110.199326599;108.378989899;93.138047138
314;110.211323764;108.577086656;93.4944178628
315;109.731161695;108.770277342;93.7435897436
316;109.796637886;108.840463108;93.784733124
317;110.250491763;109.523973445;95.3407917384
318;109.826908541;109.245779793;94.5439027463
319;109.533506399;109.732250664;94.8691741125
320;109.096896885;109.9179546;94.6875754649
321;108.458660152;108.988877459;93.8708370837
322;108.461390826;108.994370162;93.8897703282
323;103.80795756;103.186030062;86.5879752431
324;100.874532225;100.088669439;82.9865904366
325;100.123178506;98.8635018215;81.8006602914
326;100.035673055;98.4714846456;81.5015008081
327;104.953606334;104.686626253;86.3934182853
328;105.081776568;104.537795373;86.3399727824
329;99.0253623188;94.7664251208;76.9531400966
330;98.3177257525;95.342570473;77.0348781653
331;92.5831280788;88.9657224959;70.2731937603
332;90.7780725022;87.7365163572;69.1114058355
333;92.3647540984;88.9933795712;71.9271752837
334;92.3292875158;88.9940100883;72.1147540984
335;92.3307027993;88.5877010125;72.2910958904
336;92.076161919;88.6029985007;72.1535232384
337;94.7315541601;91.9835164835;75.4788069074
338;94.8836996337;92.0927524856;75.2149398221
339;95.7992980632;93.162355388;75.5923566879
340;95.2070063694;92.8528397028;74.3010881104
341;96.2994531146;93.2973189276;75.6338535414
342;96.3410697612;93.2630385488;75.9124983327
343;97.9896153846;94.7847435897;78.6519230769
344;98.1392307692;94.8446153846;78.7938461538
345;99.4185806452;95.8843870968;79.9401290323
346;99.4298089172;96.1103184713;80.2012738854
347;101.046189659;97.6291350159;81.6842685616
348;100.770719603;97.3200992556;81.1746898263
349;102.161777237;98.2794887401;82.4769324407
350;102.205356056;98.2118076689;82.4635423007
351;104.140623291;101.054346638;85.646254784
352;104.272287035;100.927801013;85.4664318732
353;104.638636364;101.738311688;85.6643939394
354;104.39379085;101.650326797;85.7279956427
355;106.162990196;103.424734477;88.5036764706
356;106.060457516;103.448018791;88.3886846405
357;105.88410596;103.390521523;88.465852649
358;105.858340232;103.383588576;88.4214610927
359;106.846053293;104.016289593;89.4927099045
360;107.060308972;104.358783918;89.7313329372
361;106.224248599;103.766887417;88.4118186449
362;106.446819185;104.092514549;88.6438892234
363;106.169677926;103.453652789;88.5745286724
364;105.898724083;103.035486443;88.0861244019
365;108.317476383;105.904183536;91.7594466937
366;108.215334008;105.914726721;91.663377193
367;110.571418318;108.484137238;95.8410134941
368;110.624605225;108.591300603;95.9697100201
369;110.332834225;108.352299465;96.0016399287
370;110.317943262;108.381631206;96.0240425532
371;108.388738128;105.483887381;92.9677747626
372;108.376526459;105.612957938;92.7539009498
373;106.668907718;103.843893903;89.7072204826
374;106.404496487;103.537892272;89.3645901639
375;105.820809249;102.890366089;88.2221579961
376;105.779865125;102.877456647;88.0740847784
377;106.325552388;103.826443336;89.5153243051
378;105.377024482;102.702448211;88.3585687382
379;105.741311709;103.670646944;89.5343967207
380;105.133683543;103.485372702;88.716058328
381;107.369558458;105.99471393;91.4211753731
382;107.610457921;105.914294554;91.7973391089
383;107.294122269;105.604196134;91.4358793022
384;107.233144743;105.564906491;91.4036617948
385;106.160392125;104.091028915;89.9187741989
386;106.345274761;104.437996434;90.3913113957
387;107.050268308;105.1328125;91.1137152778
388;107.039535985;105.142518939;91.0451388889
389;106.895912247;104.791508838;90.7987689394
390;106.859690657;104.805713384;90.6809501263
391;107.253410533;104.473905457;90.7824397208
392;107.438812964;104.834673955;90.7113627489
393;107.529843893;104.940006122;91.1212121212
394;107.553520277;105.443012212;91.0332428765
395;107.833699312;105.452495974;91.9194847021
396;107.749451032;105.424974381;92.0811740594
397;107.416252073;105.357078245;91.1955374642
398;107.478441128;105.460952812;91.2807930047
399;107.350633766;105.029400735;91.5691142279
400;106.692492312;105.542338558;90.8261456536
401;106.744726679;105.315879382;91.2319518717
402;107.08044733;106.018975469;91.5274891775
403;107.408439255;105.176248892;91.4898758498
404;107.563602941;105.243897059;91.8465441176
405;107.596376812;105.537246377;91.8955072464
406;107.741357143;105.933928571;92.0867857143
407;107.521302163;105.482994684;91.5711892797
408;107.493336246;105.583133057;91.3049304493
409;107.57839196;105.534458004;92.1936109117
410;107.625197416;105.458435032;92.4827709978
411;107.824899144;105.632174959;93.0559133697
412;107.768773445;105.678038078;92.8529973813
413;108.490922741;106.352784603;93.4775457275
414;108.591318591;106.40977341;93.5741195741
415;108.649427694;105.893704634;93.4072445561
416;108.610203797;105.877093802;93.2295505304
417;108.660669256;106.474408778;93.4062563893
418;108.911590695;106.767244857;93.9324996638
419;108.796180556;106.139097222;93.3624305556
420;108.703657175;105.983668342;93.2667504188
421;107.534401991;105.169594496;91.544503001
422;107.770543662;105.131464724;91.9780769514
423;108.283405483;105.413564214;92.6401154401
424;108.241956522;105.355;92.3199275362
425;107.899565217;105.380144928;92.3737681159
426;108.2655;105.702928571;92.8697857143
427;108.720069444;106.041319444;93.4585416667
428;108.500422535;105.808169014;93.1653521127
429;108.681176151;106.623047671;93.2854135543
430;108.548908928;106.398981207;93.1116541612
431;109.312258518;107.242992624;93.9094485423
432;109.258728486;107.340920267;94.1360730594
433;110.925491656;109.848253614;96.6359575656
434;111.007962963;109.901790123;96.792037037
435;111.324706694;110.29899931;97.4357602945
436;111.415228893;110.369162641;97.6116287095
437;110.589438339;109.126129426;95.8990842491
438;110.533186112;109.145442277;95.7293583609
439;109.31961275;108.079096417;94.3243545838
440;108.55756059;108.347471022;93.6386986301
441;108.360385615;107.891494599;93.195337071
442;108.091649413;107.623188406;92.8995169082
443;109.231830065;108.099215686;94.0884313725
444;109.165010599;107.875927398;93.9250132485
445;108.82781924;107.886701534;94.9472292413
446;108.71657754;108.061996827;94.6136216724
447;111.805113636;112.093100649;101.064529221
448;111.628125;112.092897727;100.951988636
449;110.879520669;111.292900556;100.101211259
450;110.990391156;111.377721088;100.481845238
451;111.784510269;112.372391785;100.864127322
452;111.610123967;112.334834711;100.588884298
453;113.2329806;114.104673721;102.882010582
454;113.119375574;114.277755914;102.767676768
455;115.656242533;118.021714456;108.685872162
456;115.637903226;118.018189964;108.579121864
457;115.760070948;118.395713083;109.288690476
458;115.896691466;118.261295591;109.388919131
459;114.141450739;116.746632997;107.43972332
460;113.694321859;116.894969109;107.252500736
461;110.695873786;114.021116505;103.087912621
462;111.06820148;113.858069788;103.537777564
463;110.876041565;113.33619253;103.416772865
464;110.759925498;113.467307127;103.258700127
465;108.798809524;111.032407407;99.8304232804
466;108.99007659;110.836630037;99.9935397935
467;111.646656327;113.815938327;104.023446766
468;111.723565368;113.77315026;103.935589818
469;111.631623176;114.060283061;103.685316232
470;111.989206066;113.903211418;104.071900089
471;111.853956522;114.020956522;103.771695652
472;111.856153576;114.001928471;103.593618513
473;110.764849291;111.915558511;101.13685727
474;112.275633863;114.089299527;103.950494199
475;112.282397004;114.212775697;103.949563046
476;112.089098138;114.147394852;103.704205901
477;112.180710432;113.639073741;103.28817446
478;112.460757315;114.011187608;103.763425129
479;111.900528958;113.495024207;102.738793258
480;111.71732114;113.515868747;102.410077102
481;112.194301209;113.622555121;102.905894381
482;112.16945588;113.59396814;102.805664936
483;111.694768519;113.07662037;102.085509259
484;111.473518519;113.126481481;101.927962963
485;111.886147186;112.634487734;102.576767677
486;111.856821983;112.635125448;102.864755078
487;108.372679739;106.949738562;95.0818300654
488;108.230460526;106.888092105;94.8363815789
489;110.106709957;108.417316017;96.3859307359
490;109.978896104;108.525;96.2739177489
491;106.275027579;103.910024821;90.4075427468
492;106.244897959;103.906646442;90.3378378378
493;106.440169218;104.014705882;89.9510475423
494;106.653572388;104.066948697;89.7032634972
495;107.70036855;105.476781327;91.2678132678
496;107.833757576;105.658121212;91.4112121212
497;108.262381454;106.351715256;92.1917808219
498;108.279581275;106.387908727;91.8787344154
499;107.025054264;105.324589147;89.984496124
500;106.972901235;105.378209877;89.9662345679
501;106.436635871;104.838611023;89.2941064033
502;106.287034087;104.91404906;89.0302007009
503;106.606718868;104.75599899;89.3528668856
504;106.82635514;105.022866044;89.7168224299
505;106.916461295;104.975860979;89.8364612954
506;107.425876011;105.617128155;90.4791717716
507;107.169968847;104.930903427;90.1829283489
508;106.962377871;104.59554625;90.0142748382
509;107.717106918;104.728553459;91.0622641509
510;107.686981132;104.862830189;90.9678616352
511;108.165336236;105.54934688;92.1367924528
512;107.659703504;105.664849302;91.3445846606
513;108.294871795;105.755865989;92.3993710692
514;108.476517213;106.234827872;92.7408020821
515;108.115785623;105.910066459;92.3436375831
516;108.177510185;106.422537743;92.2726455787
517;108.246008708;106.359941945;92.160619255
518;108.365171953;106.336978977;92.0737635193
519;107.687768372;106.30916452;91.8551098025
520;107.388583639;106.471855922;91.5751526252
521;108.6302369;107.161220679;93.3927529467
522;108.907325131;107.739861016;93.9286283892
523;107.797606027;106.503888686;92.3939117754
524;107.699173654;106.567322882;92.146980192
525;107.993429777;106.88915009;92.5777576854
526;108.111332128;106.831886679;92.7081977095
527;107.671934022;106.156824477;91.7899143792
528;107.895429363;106.091790481;91.8560186351
529;107.626730159;106.103428571;91.5920634921
530;108.284065934;106.832478632;92.3585470085
531;108.479020979;106.95074224;92.7468408784
532;108.56993007;106.956876457;92.8308796467
533;108.485252988;106.220315281;92.3591406051
534;108.513221459;106.234680905;92.2944317315
535;108.293279536;106.441810617;92.2908838734
536;108.729907773;106.623941276;92.6337285903
537;108.754598876;106.329458355;92.5995145631
538;108.482700091;105.930800366;92.0039169604
539;108.170666667;106.179382114;91.585495935
540;108.44396748;106.271479675;91.9147317073
541;108.479103494;106.193342123;91.8473302571
542;108.476268952;106.144429796;91.9827949901
543;108.31004878;106.550439024;91.9391219512
544;108.547121951;106.656780488;92.3121300813
545;108.722824302;106.411100164;92.3025287356
546;108.731691297;106.407356322;92.4561576355
547;108.706849845;106.70130289;92.6543472652
548;108.817272962;106.686726006;92.8030830753
549;109.573686215;107.352310231;93.4067656766
550;109.57654227;107.477913176;93.4959380553
551;109.285082733;107.666666667;93.0448402173
552;109.344574965;107.741316155;93.0904382973
553;109.962747525;108.228589109;93.7045792079
554;109.579937304;107.576930459;92.9291152198
555;110.353400294;108.784018937;93.3156547886
556;110.397799245;108.803083616;93.3569829186
557;111.428095465;110.209832053;94.8250492963
558;111.409804855;110.219283334;94.4503297749
559;112.364910951;112.308765947;96.942086649
560;112.706359469;113.475490772;98.0358528271
561;113.304153855;114.081509616;99.3255561584
562;113.523409364;114.174009604;99.5274909964
563;113.279007735;113.345692185;99.0041344358
564;113.513520392;113.93783801;99.6631036457
565;113.620477029;113.905339477;100.3268058
566;113.800243935;114.000474319;100.194335276
567;113.764377104;114.244781145;100.964242424
568;113.972866667;114.465666667;101.058733333
569;113.897923634;114.314032887;101.450041806
570;114.031400966;114.367080745;101.659144237
571;114.767156863;115.259009009;102.930511394
572;114.717673556;115.282061473;103.010201378
573;114.224593496;114.614256678;102.106852497
574;114.31678538;114.723721131;102.247068134
575;113.926619156;114.068212076;101.732946981
576;114.081055682;114.05301903;102.063591511
577;112.895109395;112.176962677;100.494851995
578;112.835926836;112.385931386;100.445263445
579;111.451984127;111.799603175;98.4992063492
580;111.44192217;112.022110849;98.226120283
581;111.946540881;112.161753145;98.745086478
582;112.013823988;112.275798287;99.0589953271
583;112.790630631;113.458108108;100.101801802
584;112.590954591;113.393302393;99.8868868869
585;113.095124536;114.006889242;100.452658541
586;113.003832442;113.862121212;100.157843137
587;114.623918036;115.018371312;101.425366543
588;114.574368486;115.035947712;101.357445681
589;114.362852506;114.508318117;100.197504565
590;114.398753894;114.57602251;99.9699527686
591;112.322043969;111.767676768;97.0596553773
592;112.082953181;111.531332533;96.5566626651
593;112.361135759;111.801685892;97.743566992
594;112.323839426;111.781789639;97.7032967033
595;110.762141349;109.309899391;95.5030431002
596;110.633392004;109.346492331;94.8438521499
597;109.249472574;107.689082278;93.3549578059
598;107.441531043;105.68053044;90.4813140446
599;111.194596443;109.532033744;96.9661422709
600;110.652986776;109.430916553;96.5576835385
601;105.768697614;103.494680851;88.4024822695
602;105.785646237;103.782788187;88.6036837091
603;107.747086247;105.212995338;90.8280885781
604;107.502647838;105.020888497;90.634157105
605;108.386029412;106.55664488;91.9857026144
606;108.366013072;106.544253813;91.9215686275
607;110.829329962;109.214802896;95.8778301345
608;110.590329314;109.098910019;95.1742810761
609;111.381767897;110.485161153;96.5498351239
610;111.388760504;110.663655462;96.6864495798
611;112.741110785;111.779312371;98.5756685278
612;112.71183093;111.584436105;98.2283231286
613;112.984409374;112.10023912;98.5642276423
614;113.053176471;112.330729412;98.8595764706
615;113.633471264;112.707586207;99.684137931
616;113.445149425;112.604689655;99.6501149425
617;113.597793103;112.826482759;99.8156321839
618;113.414956012;112.924303519;99.7494501466
619;113.335085176;113.14443639;100.13301921
620;112.714842334;113.466201522;99.8382566147
621;114.272187524;115.260467268;102.927211042
622;114.300711194;115.211038961;102.88157081
623;114.567923353;115.170821;103.100560835
624;114.719894064;115.024926001;103.105779716
625;114.948407148;115.248329448;102.986946387
626;114.901709402;115.255400155;102.985470085
627;114.875912976;115.349106449;102.925330225
628;114.903962704;115.396891997;102.664335664
629;106.71415996;105.038103622;91.5182344064
630;106.669517103;105.086770624;91.2864688129
631;110.953033744;109.642845555;97.4760707333
632;110.828033744;109.768656716;97.4660934458
633;110.821307431;109.907801418;97.073697194
634;110.716648548;109.97895636;96.5905420096
635;112.509356235;111.967881581;98.9446306382
636;112.542312526;111.954335987;98.7649071359
637;109.867563025;108.861176471;93.9391596639
638;110.003231152;109.163794532;94.3011599006
639;110.931390407;110.201123254;95.9022465088
640;110.645264117;110.34623558;95.5119914997
641;110.389444315;109.868712702;94.6496163683
642;110.38760407;109.920289855;94.8011871724
643;109.938917976;109.171981596;94.2935110265
644;110.26487387;109.149690624;94.3484848485
645;109.371426197;108.044630984;93.3516456117
646;109.707366215;108.669326241;93.6883462282
647;109.043979933;107.896488294;92.8747491639
648;108.87090301;107.940301003;92.4471571906
649;108.608717561;107.100277148;92.1870328378
650;108.747839096;107.288730053;92.6341422872
651;109.448595849;107.58966219;93.6341066341
652;109.222470238;107.306299603;93.253885582
653;109.209090909;107.729665072;93.3312599681
654;109.388118022;107.821610845;93.6283094099
655;109.94047619;108.180438842;94.462107065
656;109.91145347;108.234204793;94.3652349829
657;108.989712919;107.583652313;93.070414673
658;109.309649123;107.571212121;93.4857256778
659;109.200222293;107.379564941;93.5763734519
660;109.20514449;107.354318831;93.5354080661
661;108.896981424;107.601315789;93.2864551084
662;109.067414861;107.690634675;93.6017801858
663;109.472616323;107.791914569;94.2956521739
664;109.419832189;107.778337147;94.1060259344
665;108.968510509;107.608088626;93.7137112072
666;109.172850747;107.688064345;93.8304878974
667;109.653007519;107.941203008;93.8054887218
668;109.651353383;107.960526316;93.7269924812
669;109.172395478;107.604901738;92.7917140906
670;109.30518688;107.542028986;92.871624714
671;109.471126228;107.414058957;93.567271353
672;109.388813303;107.406198035;93.7061980348
673;108.891418165;107.174899461;92.98801123
674;108.957589626;107.159649123;93.0278413425
675;109.313533835;107.258796992;93.5778947368
676;109.388345865;107.256766917;93.4845864662
677;109.213269088;107.505930319;93.8392142328
678;109.175060836;107.658948455;93.8758203672
679;108.812053571;107.492113095;93.3102678571
680;108.507440476;107.573809524;92.7916666667
681;108.9776365;107.793343306;92.8614061331
682;108.58423913;107.787288647;92.588013285
683;111.156986774;110.58826912;95.4574468085
684;111.055491662;110.695227142;95.529039678
685;112.398939394;112.032121212;96.978030303
686;112.418660287;112.30173445;96.9446770335
687;113.979818141;114.443039846;99.7236637835
688;114.038293783;114.489982997;99.91860723
689;114.932111232;115.369504428;101.82818083
690;114.937533574;115.502724273;102.3392679
691;115.290487805;115.806747967;103.078455285
692;115.334308943;115.983089431;103.15203252
693;114.945451234;115.528640379;102.83917676
694;115.172423146;115.509312839;103.249638336
695;115.182581019;115.460744599;103.555459105
696;114.879533179;115.547357253;103.558931327
697;115.10783179;115.924382716;104.201967593
698;115.56799927;116.529116466;104.941310697
699;113.745243363;115.031858407;102.505862832
700;113.074446903;115.27920354;102.423340708
701;113.117349287;115.080763921;102.514035895
702;113.223501254;115.229883747;102.704695692
703;112.697432606;114.101797176;101.533119384
704;112.605564024;114.561864837;101.759781504
705;111.617215851;113.444186384;100.317317463
706;111.533690317;112.999107541;100.396251673
707;110.685;111.865;98.9303333333
708;110.7735;111.769166667;99.0755
709;110.448983297;111.04557008;98.8044662309
710;110.717659689;111.274646627;99.0373948828
711;108.787668436;108.99714169;96.7684769294
712;108.529156328;108.855045492;96.6606699752
713;104.66025641;104.328990902;90.7880479735
714;104.896825397;104.740537241;90.8732193732
715;105.334517166;105.112971419;91.3522746491
716;105.067478437;105.031625233;91.1281921191
717;105.555508831;104.834735071;92.3741239137
718;105.823708628;105.113834649;92.1553801413
719;105.556943602;105.207519709;90.7080654942
720;105.651740696;105.310444178;90.9129651861
721;106.174698795;105.13355308;91.4529438509
722;106.432839173;105.499775382;91.9040880503
723;105.295763657;104.285395764;90.3945373467
724;105.343313154;104.557732526;90.5489268024
725;105.928099174;104.769834711;91.1873966942
726;105.571984027;104.298339639;90.4355821774
727;106.665935115;105.820133588;91.6729961832
728;106.622727273;106.001136364;91.80625
729;107.836141304;106.580706522;92.9230978261
730;107.788858696;106.630887681;92.9932065217
731;108.388597973;107.601266892;94.1039695946
732;108.39647651;107.68942953;94.069966443
733;109.398193887;108.667335597;95.7415097252
734;109.217504128;108.535031847;95.1864433436
735;109.42870215;108.732804636;95.691322251
736;109.175537593;108.841695898;95.736312338
737;109.964990958;109.57482821;96.4122242315
738;109.044573643;108.498837209;95.0341860465
739;109.155085748;109.409077469;95.21777055
740;109.157674213;109.492134666;95.1103351955
741;108.769359247;109.1194959;93.9609778318
742;108.78894625;109.086243547;94.3097479502
743;109.363125638;109.532686415;95.1780971837
744;109.135254337;109.483754778;95.211849456
745;109.140484171;109.118212291;94.4962383613
746;109.016404494;109.059101124;94.5469662921
747;109.647485112;109.432446007;95.5838415728
748;109.674074074;109.592022792;95.6310541311
749;110.190642458;109.571648045;96.3956703911
750;109.790982426;109.133390954;95.6687554019
751;110.094971676;109.281837891;95.9651024547
752;109.767745996;109.562906497;95.6282257501
753;109.862569832;109.378072626;95.3536312849
754;109.774581006;109.446927374;95.2798882682
755;109.340225035;108.627004219;94.6225035162
756;109.501180556;108.829236111;94.9352777778
757;109.177327128;108.320013298;95.8158909574
758;109.122273936;108.302726064;95.6053856383
759;108.855479248;108.608121827;95.4865332935
760;109.251077098;109.481122449;96.4681972789
761;109.684043566;109.395897219;96.9010256953
762;109.157081117;108.764018174;95.8564383865
763;108.756932654;107.79122807;94.9434634975
764;109.029072682;108.046505152;95.2142578669
765;109.134394341;107.823275862;94.9139036251
766;109.048353227;107.969109195;94.5323275862
767;108.442172897;106.907418224;92.7911214953
768;108.539077103;106.926518692;92.8443341121
769;108.571244793;106.313342318;92.7444866454
770;108.449975174;106.193892751;92.4982000993
771;107.384735812;105.366992825;90.7881278539
772;107.847627086;105.611828865;91.3675258067
773;108.476777251;106.064770932;92.6076461295
774;107.661504572;105.003070556;91.1806955477
775;106.840098908;104.534583419;90.1947935985
776;107.186894704;104.743595027;90.4735902191
777;107.680997949;105.076076555;91.4626794258
778;107.629186603;105.048735475;91.4320574163
779;107.062339644;104.80965259;90.5225019069
780;107.073163901;104.822026185;90.2776027445
781;107.975871497;105.548803828;91.4491455913
782;107.777962693;105.300533944;91.0355037792
783;107.506593407;105.812087912;91.0622252747
784;107.726224983;105.779365079;90.9898550725
785;107.861442441;105.601386963;91.1122052705
786;108.080609873;105.870983181;91.3352249419
787;107.180284254;105.231113912;90.0840859763
788;107.281905164;105.197833122;90.1190375686
789;108.212413315;105.790083218;90.7283633842
790;108.463626419;106.079310816;90.9328592917
791;107.902661064;105.507913165;90.4400560224
792;108.068144159;105.892985363;90.960715272
793;108.363380282;105.928134662;91.5883201649
794;108.234008932;105.941806939;91.6091377533
795;108.131432497;105.870559945;91.4647887324
796;108.154032035;105.854391052;91.4255040044
797;108.789855072;106.370638755;91.5870907139
798;108.749463231;106.425523349;91.4994632313
799;108.110909823;106.336218465;91.1760601181
800;107.994028449;106.538647343;91.0705179817
801;108.455874605;106.569942044;91.9710221286
802;108.580084299;106.447708114;92.1275026344
803;108.755067568;106.806133056;91.9472453222
804;108.856483888;106.863370582;91.7201793139
805;108.791089431;106.927349593;91.6876747967
806;108.823479675;106.883642276;91.7365853659
807;109.271127887;107.249120338;92.7009148487
808;109.430162974;107.434682964;92.9032976827
809;109.807692308;107.810231023;93.1439451637
810;109.886453807;108.063417092;93.3377416714
811;110.457256098;108.657378049;94.0292073171
812;110.71308349;108.685112309;94.5332687534
813;111.212474135;109.26822347;95.3496896246
814;111.102867278;109.354360035;95.2225835058
815;111.027988781;109.747633516;95.4589809513
816;111.201647774;109.611721398;95.8773518757
817;111.232675003;109.615110436;95.7515484399
818;110.872577172;109.347930127;94.8876525485
819;109.523800505;108.667739899;93.11875
820;109.341792929;108.797853535;93.1859848485
821;109.274166667;108.255448718;92.9369871795
822;109.694849246;108.666708543;93.7344221106
823;109.498769749;108.137464387;93.07996633
824;109.678800997;107.631969041;93.1267873541
825;109.216056671;107.708120163;92.3468450741
826;109.361743784;107.863538472;92.3592638517
827;109.971205562;107.912960777;92.9028597665
828;109.789872408;107.676900585;92.5898458267
829;109.435813519;107.599853059;92.1985706652
830;109.310045418;107.588832487;92.0583756345
831;109.854127705;107.545952445;92.83449105
832;109.766297088;107.474819663;92.7612209458
833;109.251803366;107.228159231;92.2654288004
834;109.180870959;107.259016831;92.097515362
835;109.943239502;107.745335882;93.4081350122
836;109.721480096;107.46820732;92.9778252738
837;109.459529117;107.555516857;92.3281554751
838;109.6631172;107.909590342;92.7641752577
839;110.883892276;109.405170224;94.3221544715
840;110.710519547;109.472350823;93.727816358
841;111.035962302;110.217881944;94.9652777778
842;110.786458333;110.056413153;94.609312249
843;111.814680233;110.666182171;96.5479651163
844;111.854408915;110.680838178;96.7308624031
845;110.581800518;109.503044041;94.7533031088
846;110.420963542;109.383723958;94.6342447917
847;110.632059585;109.204339378;94.9513601036
848;110.632642487;109.340803109;94.9457253886
849;109.794852941;108.652205882;94.0285427807
850;109.753191489;108.746276596;94.0037234043
851;110.11308204;108.901134733;94.7217947046
852;110.285033181;109.111912892;94.8494942336
853;109.680981992;108.986980179;94.6555901023
854;109.791154634;109.190796211;94.8412058372
855;109.996052967;109.236949325;94.8479755539
856;109.636600456;108.927515467;94.1645718007
857;109.526613672;109.129475358;94.1125596184
858;109.768330684;108.98200318;94.4868044515
859;109.216866717;109.466429107;94.3521505376
860;109.630339666;110.824237191;95.8394358089
861;109.655184194;110.640494221;95.9575243409
862;109.834310767;110.547229972;96.0197005067
863;110.18510505;110.797358082;96.4900074019
864;110.256732904;110.89386779;96.4742925468
865;111.199623352;111.541203974;96.9100590947
866;111.203926127;111.630117526;97.1738344311
867;110.64004329;108.998917749;92.4121212121
868;110.617797695;109.312419974;92.1848058045
869;107.853457653;105.649261849;88.0602952603
870;108.291;107.028142857;88.707
871;99.4964503043;95.2469574037;78.2317444219
872;98.7056098816;95.6011322697;78.0149253731
873;99.3211051776;95.7724634316;76.9582075691
874;100.637460317;97.6846560847;79.024973545
875;101.213175282;97.7532063739;80.9716284493
876;100.853249062;97.5380209362;80.742642702
877;101.935802469;98.6209876543;83.7077601411
878;101.879541446;98.6105820106;83.8941798942
879;102.678661616;99.7765151515;84.8033459596
880;101.941287879;99.9908459596;84.1120580808
881;103.801904762;102.057006803;86.5311564626
882;103.650241546;101.742028986;85.9924085576
883;102.173868008;99.4264575318;83.837673868
884;102.050310743;99.5451316958;83.3421130512
885;103.368070652;101.009375;85.6926630435
886;103.373777174;101.01263587;85.7002717391
887;103.804365962;100.605812013;85.6091490545
888;103.780728587;100.593298109;85.508759733
889;103.317674611;100.741837719;84.8778068604
890;102.760270037;99.7596954898;83.8197357081
891;104.025701584;100.786190609;85.5305640456
892;103.930643127;100.676194479;85.4022698613
893;103.670589884;100.84167017;84.9824856382
894;103.986107252;100.870519589;85.3442622951
895;105.366853632;102.207932692;87.0233707265
896;105.336206897;102.158943966;86.9313038793
897;104.517369727;101.654948994;85.3569065343
898;104.685966363;101.613178936;85.5439757375
899;105.881130835;102.773701512;87.5499013807
900;105.297924298;102.053317053;86.5874372541
901;105.363082627;102.716896186;86.9954978814
902;105.8046875;102.929952331;87.2506620763
903;105.787023411;103.058862876;87.6287625418
904;105.602909483;102.88981681;86.9603987069
905;105.685676393;103.703183024;87.2466843501
906;105.74005305;103.646949602;87.3822281167
907;106.495167189;103.957549634;88.414184953
908;106.424503657;103.811128527;88.4908568443
909;106.481894873;104.117845555;88.6011680727
910;106.468137573;104.170538611;88.499156392
911;106.12770928;103.52926671;87.6712524335
912;106.13857437;103.466803911;87.8189655172
913;105.211667276;102.695165023;87.5822676897
914;105.476230492;103.026290516;88.0728691477
915;105.959681755;102.957853994;88.849586066
916;105.845070423;103.16750887;88.6334802709
917;106.87902759;104.554119236;90.1323557785
918;106.82047077;104.605151457;90.1853173838
919;107.063057325;105.298544131;90.0171974522
920;106.809736124;105.645040946;89.5959053685
921;105.966178797;103.741099684;88.7503955696
922;105.470263211;103.545509343;88.3281093028
923;105.878506539;103.76470001;88.6916242388
924;106.020436508;103.865277778;88.8136904762
925;105.35522541;103.210348361;87.9849385246
926;105.905930675;103.637046684;88.5719294731
927;106.314601203;104.116139209;88.7327220743
928;106.334417825;104.081731243;88.7026520753
929;106.414670216;104.150744356;89.2512077295
930;106.584935423;104.078083407;89.5259785073
931;106.771073647;103.941733215;89.5504288672
932;106.72375037;103.967169476;89.6697229616
933;106.546395858;104.028275587;89.1467542812
934;106.776652242;104.206431943;89.7367230527
935;107.057193746;103.938848209;89.768850188
936;106.954581437;104.061646547;89.7590540273
937;107.230923695;104.871868426;90.0773570472
938;106.85700236;104.281864673;89.8489378442
939;107.958787879;105.468904429;91.3129137529
940;107.26984127;104.992111592;90.0395382395
941;107.252447486;105.492348636;89.9456325444
942;107.154665118;105.037553233;89.9463801781
943;107.450018825;105.500470633;90.0189194277
944;107.479509731;105.600767216;90.2102357784
945;108.425;106.054227941;91.3865808824
946;107.712446767;105.075590399;90.2681958962
947;107.682919875;105.357190381;90.3626081171
948;107.72778253;105.578081931;90.4363653645
949;108.177782012;105.519626524;91.0804115854
950;108.193692835;105.532869665;91.1119474085
951;107.871700949;105.60899784;90.9398891707
952;107.81102658;105.67267775;90.8322532169
953;108.894117647;106.286606335;92.1361085973
954;108.345162813;105.537989618;91.4174610665
955;108.158321678;105.817715618;91.0923076923
956;107.913920455;105.570643939;90.7144886364
957;108.64775023;106.312672176;91.927456382
958;108.629843893;106.266483012;92.0379247016
959;107.64339981;105.747673314;90.8289648623
960;107.573124406;105.850617284;90.8264957265
961;108.614579541;106.589279214;92.0834546778
962;107.740354938;105.532407407;90.4988425926
963;107.982136177;106.229049757;90.8508230453
964;107.465277778;105.638888889;90.0244984568
965;109.543550257;108.066484517;92.5344427885
966;108.893939394;106.949140528;91.934520645
967;109.557045895;108.100678733;93.2606658048
968;108.159971306;106.381635581;91.5487804878
969;111.710313343;110.402227295;96.7935947984
970;111.657601892;110.435735151;96.7652663792
971;112.953152821;112.242340517;99.2848897894
972;112.649610748;111.933890005;98.980976896
973;113.788128154;113.370748299;101.158327847
974;113.855826201;113.356155365;101.172043011
975;112.955996132;111.94729207;99.6924564797
976;113.059477756;111.940038685;99.5234526112
977;111.204214963;109.698208641;95.7220231823
978;109.217308489;107.218302277;92.7720082816
979;108.295551646;106.949903661;91.9712658122
980;109.005974265;108.454656863;92.8742340686
981;109.215646104;108.563472191;93.3249867213
982;109.434175582;108.483799985;93.4594430533
983;109.022328303;108.007468432;92.4473360025
984;109.23491919;108.264284088;92.7126489111
985;109.563089879;108.574923769;93.7867721795
986;109.611398964;108.427935489;93.7782967233
987;108.913288632;107.51127705;93.0623285584
988;109.206185567;107.855371283;93.6439563723
989;109.360591725;107.395284223;93.5431403469
990;109.404445446;107.488923932;93.5776826613
991;109.417600478;107.440086658;93.583146571
992;108.925734024;107.571074566;92.9365472704
993;109.528790509;107.957609954;93.9593460648
994;109.526909722;108.053096065;93.8854166667
995;109.523531952;108.239853195;94.1428468624
996;109.59009787;108.29720783;94.1371617732
997;109.303110329;107.848738263;93.8541666667
998;109.394586268;107.819175469;94.0398327465
999;109.316216022;108.54973822;94.4813167898
1000;108.967367138;108.559492218;94.3248942121
1001;108.63151685;107.923973158;94.2611164368
1002;108.532246108;107.932987398;93.9587842847
1003;109.373377322;108.483253245;94.3859284229
1004;109.234274758;108.077944104;93.9991888504
1005;109.981806507;108.540025685;95.0343179224
1006;110.001577853;108.507351359;95.2163092591
1007;109.397497106;108.359592014;94.3729021991
1008;109.842086227;108.457537616;94.6966869213
1009;109.919938918;108.322934846;94.895069808
1010;109.959490741;108.364221644;94.910228588
1011;109.597510075;108.417458261;94.3639176742
1012;109.80929764;108.406303972;94.5961427749
1013;109.79846619;108.085465674;93.8827520094
1014;109.949461896;108.301410704;94.1244182664
1015;110.215287958;109.045863874;94.802582897
1016;110.534101222;109.095636998;95.2379755672
1017;111.11550883;109.893355322;96.0080395795
1018;111.025149454;109.919810348;95.9797979798
1019;110.553813208;109.949986184;95.5213456756
1020;110.65969859;109.972289742;95.5599694423
1021;111.140669661;110.537498299;96.7773921328
1022;111.126650333;110.640805771;96.7011705458
1023;110.815609558;110.841873688;96.5732078792
1024;111.135695187;111.058088235;97.0739304813
1025;111.536021505;110.97452957;97.8103494624
1026;111.469189189;110.863243243;97.7418918919
1027;110.760172798;110.445652174;96.7863712375
1028;110.750988142;110.393210051;96.6853472614
1029;110.345815962;109.389294223;95.6302114354
1030;110.407182525;109.568456127;95.5614957423
1031;109.620772201;108.897992278;94.735984556
1032;109.930947849;109.197868291;94.9418347925
1033;110.188632246;109.225467995;95.4455766908
1034;110.00589406;109.123009798;94.8348897734
1035;109.353899614;108.725019305;94.5823166023
1036;109.383783784;108.720617761;94.5952123552
1037;109.959583588;108.940906307;95.4344764238
1038;109.935012247;109.032991427;95.2857470912
1039;109.290093964;108.318123905;94.2563306259
1040;108.920879121;108.835635793;93.837833595
1041;109.228726708;109.139285714;94.3163043478
1042;109.240359094;109.072053084;94.1037470726
1043;109.935336976;109.63767456;94.8809957498
1044;110.103600569;109.86481024;95.145669586
1045;111.484309309;111.412837838;96.5218468468
1046;111.611186186;111.379204204;96.4542792793
1047;112.551134573;112.598881185;97.8946580523
1048;112.627584586;112.81054198;98.0469141604
1049;114.076284103;114.554107606;100.26756592
1050;113.999305556;114.461188272;99.9446759259
1051;114.420645161;114.892096774;101.322258065
1052;114.565564516;114.798548387;101.908951613
1053;114.843164959;114.74867538;102.479689156
1054;114.691893324;114.923083716;102.662575062
1055;114.419671238;115.371537553;102.938516029
1056;114.898192716;115.379802016;103.542003451
1057;114.912977533;115.45928524;103.814200398
1058;114.779101037;115.377833269;103.726277372
1059;113.96237037;115.841777778;103.164049383
1060;113.739035088;115.893740032;103.050837321
1061;114.309272123;116.23567905;103.555521997
1062;114.283398772;116.289036545;103.766032417
1063;114.28280112;115.576022409;103.436526611
1064;114.257422402;115.567813765;103.311178587
1065;113.83280236;115.234572271;102.541828909
1066;113.710954317;115.368213346;102.782229132
1067;113.526651295;114.474705005;102.179438492
1068;113.209574919;114.076684084;101.566727863
1069;112.537719038;113.585536086;100.983516484
1070;112.526878527;113.7003267;101.080784081
1071;112.411541005;112.838128307;101.145337302
1072;112.512328767;113.071877518;101.283481064
1073;112.075991576;112.786416286;101.026149526
1074;111.559052203;112.209922251;100.396890041
1075;109.539002558;109.233375959;97.3825660699
1076;109.481031543;109.142369991;97.370630861
1077;106.699065014;106.559904327;92.5262013481
1078;106.793436293;106.709352209;92.4781209781
1079;105.884100748;105.434474616;91.0733963007
1080;105.750491932;105.56867375;90.7890594254
1081;106.861236802;107.206033183;93.677224736
1082;107.307837995;107.945949883;94.541520979
1083;108.083207071;107.843055556;95.6670454545
1084;108.144444444;107.899494949;95.8255050505
1085;106.751508296;106.441553544;93.9051030669
1086;106.780682101;106.524520787;93.8877271596
1087;106.846777076;105.94102228;93.4709877279
1088;106.818062671;105.910163231;93.1884904087
1089;104.498194014;102.997678019;89.5815273478
1090;105.007204969;103.777888199;90.5480745342
1091;104.894082126;103.41968599;90.0172705314
1092;104.777328431;103.315563725;89.4011029412
1093;104.939542484;103.239262372;88.9316059757
1094;105.293880837;103.509431792;89.3716356108
1095;105.825978802;104.068029418;90.2492969933
1096;105.659312135;104.17672507;90.1598529094
1097;106.365079365;105.378174603;91.255952381
1098;106.32718254;105.35515873;91.2236111111
1099;105.964244521;105.7727797;91.2425028835
1100;105.651191849;105.976835832;90.8027681661
1101;105.85232224;105.997496987;91.1517567442
1102;106.24945395;106.270567892;91.7101383327
1103;106.766858479;105.579661931;92.4710483726
1104;106.966175042;105.792281198;93.0840766581
1105;107.227599179;106.129103967;92.8914158687
1106;107.158344733;106.240766074;92.8101915185
1107;107.663435829;106.357118984;92.9214572193
1108;107.730614973;106.443181818;92.909592246
1109;107.652336753;106.692965315;92.7123432666
1110;107.611871031;106.745888292;92.5410356619
1111;107.621590536;106.144101216;92.0044364114
1112;107.704575163;106.358169935;91.9013071895
1113;107.827127873;106.570421971;92.4616862839
1114;108.053796471;106.803954001;92.7559073724
1115;108.350245117;106.807719244;92.6924752938
1116;108.043646409;106.676322021;92.3904498816
1117;108.358742721;107.398312677;93.5101538002
1118;108.221246246;107.342567568;93.4611861862
1119;108.037542906;107.603046339;94.3240131579
1120;107.326342342;107.570738739;93.787027027
1121;107.540973548;107.283678756;94.1456913008
1122;107.926835817;107.565982011;94.686937844
1123;108.627096037;107.89691311;95.6687627033
1124;108.443415638;107.7031893;95.3964763374
1125;107.806605575;107.289868907;94.5264732086
1126;108.247931781;107.44533537;95.1127656866
1127;107.572257384;106.254351266;94.0242616034
1128;107.024328399;105.546943531;93.0272066886
1129;106.756545552;105.653286134;92.7410499599
1130;107.268501202;105.829949239;92.8773710927
1131;106.748561644;105.042465753;91.9792465753
1132;106.32556338;104.480070423;90.8986619718
1133;106.052154511;104.680100404;90.2062473853
1134;106.529114988;104.786630229;90.5182538014
1135;106.22106857;103.959982695;89.6694065902
1136;106.314714286;104.085285714;89.7781428571
1137;106.524408691;104.762169967;90.3985836084
1138;106.64920242;104.839108911;90.7372112211
1139;105.980556751;103.921222557;89.4223704979
1140;106.393529494;104.598940176;90.0447636313
1141;106.020183361;104.972427477;90.1700191571
1142;106.102011494;104.995415982;90.2915298303
1143;106.38028169;104.800596684;90.4570873517
1144;106.517993979;105.086959496;90.5201833607
1145;106.144978106;105.050834702;90.0881910235
1146;106.350711549;105.03892994;90.1468253968
1147;107.099129496;105.010189621;91.3664214859
1148;107.055941696;104.962952966;91.3221539915
1149;106.701801741;104.699237465;90.9375126527
1150;106.548713738;104.482553366;90.7311165846
1151;107.202436427;104.879709759;91.5127812542
1152;106.665024631;104.669883258;90.9459477698
1153;106.883513932;105.014189886;90.9087977296
1154;106.859004128;105.063467492;90.9562693498
1155;108.068685808;106.416725023;92.3010620915
1156;107.995718977;106.347466573;92.2963288764
1157;108.614435158;107.015497869;93.60591133
1158;108.570498084;107.354515599;93.5848385331
1159;108.440534835;108.008174092;93.9749363937
1160;108.146429925;108.072213501;93.3746549017
1161;107.641893831;107.126886657;92.3383644189
1162;107.316309139;106.710667058;91.8411989421
1163;107.173036746;106.189381836;91.0648887796
1164;107.598675098;106.646973803;91.4149352605
1165;106.360390244;105.088845528;89.4245203252
1166;106.343479675;105.165333333;89.3199349593
1167;106.903262591;105.621159328;90.2170414951
1168;107.012226798;105.585936015;90.3299334812
1169;107.065228268;105.579799875;90.7317698562
1170;107.211035696;105.449723479;90.8500502765
1171;107.438599799;105.286513323;91.5142659628
1172;107.382415787;105.333019105;91.4338235294
1173;106.749281046;104.939215686;90.0901960784
1174;107.061057817;105.055224268;90.5641690433
1175;106.861602982;104.481893223;90.2785913993
1176;106.653641326;104.673745174;90.1662228731
1177;106.732479475;105.211691297;90.277635468
1178;107.047575836;105.426108374;90.7732693803
1179;106.694762897;105.503647733;90.1810838979
1180;106.525266812;105.844284428;90.2017487463
1181;107.208943766;106.028149191;91.1912225705
1182;106.928478374;105.665320479;90.6982803544
1183;106.892208971;105.758944776;90.8398366606
1184;106.583873477;105.771324864;90.4586466165
1185;107.096753077;105.612987693;90.960591778
1186;107.13406651;105.69612464;91.0311599895
1187;107.03422349;105.921571169;91.135079077
1188;106.934275344;105.945035001;90.9502203785
1189;107.429911412;105.764981761;91.2623762376
1190;107.44520817;105.680610107;91.2671510867
1191;107.205855263;105.597960526;90.7358552632
1192;107.067960526;105.632434211;90.5600657895
1193;107.644431326;105.706218024;91.0261707989
1194;107.139366639;104.971471471;90.0217035217
1195;107.626289341;105.650753769;90.7454377149
1196;107.665209163;105.860797494;90.8910135091
1197;107.501979252;105.370939121;89.9264946765
1198;107.405814906;105.424651925;90.0522795523
1199;107.847130027;106.587075361;90.9880905896
1200;107.405180268;106.808668489;90.3402316803
1201;108.392845837;107.269262425;91.8431149098
1202;108.639372822;107.595321055;92.2095569935
1203;108.46048756;107.666854672;92.1361784797
1204;108.240677753;107.64569161;91.9731040564
1205;108.487463408;107.464172076;92.2322769505
1206;108.551164567;107.537418862;92.4123074965
1207;108.188018135;107.324287565;92.0531735751
1208;108.090559896;107.336393229;91.7926432292
1209;108.200478278;107.13298791;91.9173641557
1210;107.745751096;106.707373904;90.8567708333
1211;107.543675944;106.544364839;91.2380821163
1212;107.486566547;106.507233398;91.2156930284
1213;107.643414091;106.466304651;91.0580618212
1214;107.737468672;106.542536898;91.1700779727
1215;108.096560847;106.644040657;91.4034391534
1216;107.697001764;106.381022928;90.8942504409
1217;108.12703224;106.83976302;91.3050427115
1218;108.103196473;106.847203086;91.3126205566
1219;107.195508021;106.359358289;90.0898395722
1220;107.198634956;106.69596116;90.1046298902
1221;107.012357277;106.460760225;89.5409018644
1222;107.04885099;106.330033242;90.0855614973
1223;107.198627199;106.618475618;90.3838123838
1224;107.340769341;106.574360074;90.3682253682
1225;108.109590018;106.724135472;91.1890909091
1226;108.106808511;106.807801418;91.4960992908
1227;108.158761025;107.238974929;91.6569900688
1228;107.882634393;107.097593583;91.2482409232
1229;108.308243728;107.514199063;91.7322856355
1230;108.395230218;107.514612628;91.5664460987
1231;108.895671703;107.733632775;92.3925411733
1232;108.423029808;107.784129577;92.0245678508
1233;108.568356375;107.380952381;91.6359447005
1234;108.551319648;107.4130708;91.3005166876
1235;108.350426743;107.062446657;91.0641536273
1236;108.32972973;107.057681366;91.0319345661
1237;108.797643798;107.533056133;92.0252945253
1238;108.856479556;107.52002772;92.0264726265
1239;108.404926445;107.902292166;91.9815942525
1240;108.523845364;107.909408142;92.0690386589
1241;109.78750671;108.95907139;93.6982689211
1242;109.765834675;108.89673913;93.6804884595
1243;109.525743547;109.091961279;93.050154321
1244;109.886574074;109.012415825;93.2330948373
1245;110.776277524;109.994668328;94.4036144578
1246;110.753219776;110.032543969;94.4304113004
1247;110.740787712;110.422039033;94.3753258649
1248;111.12428662;110.54667794;94.8151905869
1249;111.411268604;110.82799433;95.246420978
1250;111.514569908;110.982768282;95.5479125806
1251;111.296126255;111.134146341;95.3700143472
1252;111.604017217;111.156814921;95.8388809182
1253;111.817680776;111.213771311;96.2394914756
1254;111.627637131;110.929626281;95.8021398433
1255;111.637327053;111.469237563;96.2511039152
1256;111.878790109;111.659773329;96.6335737415
1257;112.401068376;112.258903134;97.5591880342
1258;112.236769006;112.023903509;97.1601608187
1259;111.664580453;112.515100793;96.7763627101
1260;111.919292628;112.569827523;96.9096863401
1261;112.270879364;112.647812638;97.4052143173
1262;112.421268926;112.921341024;97.9141312185
1263;112.127965856;113.025318287;97.716724537
1264;112.099431818;113.077724359;97.7439539627
1265;112.299280576;112.746535403;97.3931843998
1266;112.308822416;112.780992048;97.4985990155
1267;113.710462287;114.222443412;99.4299196343
1268;113.855268009;114.349480203;99.4210720342
1269;114.252126138;114.704222172;100.005042523
1270;114.329043426;114.717468202;100.103484609
1271;115.157659488;116.240552621;103.184884193
1272;114.962616822;116.278724574;103.088235294
1273;115.500948633;116.623919612;104.742814981
1274;115.490390011;116.629349046;104.937780584
1275;114.573300773;115.614896215;103.555718356
1276;114.631013431;115.671794872;103.461538462
1277;111.422059372;111.273009564;97.2507763011
1278;111.369499623;111.133392004;97.2679155142
1279;110.573665666;111.126190787;96.5868458828
1280;110.179927667;111.457633686;96.5780160165
1281;111.256895373;112.381581947;98.8041942102
1282;111.374356679;112.52293578;99.3806220631
1283;111.44212567;111.835100924;99.1432318394
1284;111.084204204;111.177537538;98.4135735736
1285;111.535431235;111.144755245;98.6114219114
1286;111.525410025;111.32975283;98.3507738508
1287;111.839558759;112.000109218;98.8070117955
1288;111.953571429;112.174134199;98.7174242424
1289;112.48117284;112.426954733;99.9654320988
1290;107.843800322;106.579549114;91.7491143317
1291;108.211573791;107.343386405;91.8931414574
1292;108.171889401;107.376497696;91.6176651306
1293;112.580734856;112.783912612;100.268123138
1294;112.689275074;112.811618669;100.086693148
1295;112.608418367;112.930631868;99.916110675
1296;112.480892357;112.628951581;99.9130652261
1297;112.19835611;112.708061002;99.8755199049
1298;112.018316832;112.671188119;99.8400990099
1299;112.652980004;112.876820035;100.533779849
1300;112.653562415;112.868957484;100.580761017
1301;112.428231487;112.847039787;100.084427946
1302;112.129295282;112.751504562;99.6818093574
1303;112.770321721;112.812964021;99.9972396726
1304;112.797530399;112.871147139;99.9350551419
1305;112.723121179;113.067152104;99.9895720964
1306;112.726106707;113.296339182;100.084884653
1307;113.265878617;113.268172195;100.417254764
1308;113.534863946;113.579676871;100.991156463
1309;113.314390078;113.40987088;100.436884132
1310;113.128100578;113.371389738;100.277098199
1311;113.579695767;113.391369048;100.901124339
1312;113.381122449;113.129251701;100.475340136
1313;112.841496599;112.721768707;100.01037415
1314;112.815507796;112.855204383;99.9656974294
1315;112.488277268;111.779816514;99.704043493
1316;112.52644311;111.967717718;99.769686353
1317;111.725634726;111.331941032;99.2584766585
1318;111.515348682;111.168501835;98.8395061728
1319;111.256925901;110.703521362;98.314335781
1320;110.846678454;110.677780584;97.4581965143
1321;107.188894997;106.641891149;90.9672347444
1322;107.471360896;107.031869078;91.4707149009
1323;110.802049447;110.945185426;97.4765777489
1324;109.01048951;108.452214452;93.8535353535
1325;107.439189189;106.685864436;90.549013299
1326;107.187758208;106.42378778;90.0777342901
1327;111.82056213;111.889792899;98.9400887574
1328;111.869157509;112.006886447;98.8441025641
1329;109.970449379;109.432418255;95.3056478405
1330;109.904761905;109.094171997;94.9449182658
1331;110.559955141;109.904330573;95.6655452036
1332;110.531055901;109.855417529;95.8647342995
1333;110.492687075;109.811054422;95.8005102041
1334;110.716362126;110.190116279;96.3568936877
1335;111.171328671;110.459505611;96.7190600098
1336;110.659174159;110.166999667;96.1866466866
1337;111.070185334;110.59089444;96.7720386785
1338;111.061643836;110.574133763;96.7198227236
1339;110.939446943;110.132517075;96.1999833417
1340;110.516408462;110.311094453;95.8279193736
1341;111.633802817;112.313591549;98.5382394366
1342;111.550352113;112.385633803;98.4304929577
1343;111.625025768;111.490620491;99.0708444994
1344;111.426734694;111.784557823;98.9519047619
1345;111.675211548;111.430064709;99.5908412145
1346;111.516141002;111.630550402;99.6446505875
1347;111.665293828;110.686931399;99.4383452176
1348;111.396606836;110.968404229;99.0698303418
1349;110.619444444;110.160606061;98.0928030303
1350;110.542920918;110.03807398;97.9338647959
1351;111.005865819;110.652755713;98.1398020286
1352;111.136746914;110.62941464;97.836979103
1353;108.267322955;106.986797924;92.4361263736
1354;108.253586691;106.906974969;92.5708943834
1355;109.509046053;108.448739035;94.6123903509
1356;110.85095688;110.331334787;97.0769743217
1357;109.123147172;107.88570425;93.7453459782
1358;109.384199584;108.151212751;94.1968121968
1359;109.153829161;107.154418262;93.1234904271
1360;109.114507772;107.096743153;92.930199852
1361;107.734296086;106.015703914;90.5840435606
1362;108.031565657;106.055555556;90.9621212121
1363;108.245755989;105.882912899;91.5284785023
1364;108.02795006;105.609987918;91.1490132904
1365;107.619951923;105.733733974;90.9899839744
1366;108.054772453;105.895449054;91.3217881595
1367;108.281294622;105.890845629;91.7312390925
1368;107.907610475;105.391243863;91.1614566285
1369;107.617165992;105.51659919;90.8306072874
1370;107.791497976;105.58;91.0373279352
1371;108.527545518;106.098929437;92.2230210206
1372;108.358559416;105.842614628;91.8610185626
1373;108.114413305;106.218894364;91.8346165691
1374;108.161456729;106.320834617;92.0830766862
1375;108.439860681;106.202244582;92.0157120743
1376;108.417924238;106.325993225;92.0883892824
1377;108.007622421;106.449568833;91.4989990761
1378;108.086919505;106.370820433;91.624380805
1379;108.276353928;106.50907704;92.0910755149
1380;108.10877193;106.460793288;92.1628527841
1381;107.818324607;106.691099476;92.0989528796
1382;107.87868362;106.673223635;92.2200448766
1383;108.96655032;107.789194299;93.6326352531
1384;108.87264951;107.612712927;93.2765282796
1385;110.276989247;109.852759857;96.0623655914
1386;110.175;109.741811594;95.7234057971
1387;111.49312537;111.081830278;97.2178444707
1388;111.794012319;111.608079072;97.3744449219
1389;111.987508218;112.245525604;98.0309737746
1390;112.049941928;112.367595819;98.1509872242
1391;112.688137755;112.943523243;99.7785572562
1392;112.568098073;112.940263605;99.8913690476
1393;112.692978566;112.675314117;100.08677014
1394;112.586091754;113.016114983;100.243757259
1395;112.669076833;113.249561788;100.778629857
1396;112.72078586;113.279068069;100.743280748
1397;112.218417579;112.42208246;100.144421151
1398;112.388709925;112.606074551;100.256634453
1399;111.691279887;112.577980935;99.8297390217
1400;111.160181278;112.752461322;99.5558681044
1401;111.478315923;112.766144349;99.5538144983
1402;111.947970225;113.107512854;100.361369043
1403;111.297739541;111.705296896;98.5548245614
1404;111.423667341;111.78432861;98.6406039136
1405;111.432201987;112.233029801;98.6514072848
1406;111.434152066;111.964540196;98.7630983318
1407;111.861404803;111.993852963;99.6662568642
1408;111.780383278;112.091533921;99.9801892132
1409;110.265539392;110.405346684;97.0055733988
1410;109.971291866;109.860951079;96.6099990235
1411;109.557795276;108.754540682;95.2546981627
1412;109.667737257;108.973580605;95.7788023208
1413;109.895764803;109.853412829;96.47265625
1414;110.26121991;109.866687067;96.9915340677
1415;110.178938356;109.861179061;94.6515410959
1416;110.420125483;109.884893822;94.9625965251
1417;112.214605263;112.126184211;96.8656578947
1418;112.351909185;112.21878225;97.3642930857
1419;113.173333333;114.54;100.784761905
1420;112.52327044;114.147169811;100.081761006
1421;114.002680653;114.808275058;103.372843823
1422;114.055629877;115.160869565;104.028651059
1423;113.712422949;114.629445235;103.720009483
1424;113.663782745;114.542177361;103.840422975
1425;112.246524823;112.386099291;101.841702128
1426;112.025118203;112.047576832;101.600768322
1427;111.361264937;111.490673273;100.803993005
1428;111.407752842;111.503643253;101.178373652
1429;111.381375692;111.109734771;100.661468959
1430;109.92042042;109.302635969;97.9527861195
1431;109.043552812;108.502743484;96.590877915
1432;108.858539095;108.561556927;96.3585390947
1433;107.617946851;106.866581726;94.4632326174
1434;107.484848485;106.748448339;94.595837897
1435;107.319013112;106.956004141;94.4094202899
1436;107.149068323;107.01242236;94.3298826777
1437;107.919220945;107.598978289;95.3764367816
1438;108.076862374;107.814236111;95.5512941919
1439;107.147796818;108.048653611;94.5180538556
1440;106.146333602;107.003867849;93.1324738114
1441;108.138718424;108.842015128;95.7249892964
1442;108.250569801;108.982763533;95.7263532764
1443;108.768723629;109.574894515;96.614978903
1444;107.441005522;108.144434757;94.5990990991
1445;109.092532468;109.660214785;97.0420829171
1446;109.260739261;109.633616384;97.008991009
1447;109.979577944;110.617880644;98.1813024733
1448;109.63694123;110.658270933;97.9997730883
1449;109.979487179;110.486733556;98.2463768116
1450;109.929487179;110.516136163;98.1275419982
1451;109.453289474;109.370394737;97.9767857143
1452;109.379080613;109.094508423;98.0206528981
1453;108.001999652;107.658928882;96.4763519388
1454;108.098248025;107.854002061;96.6447956029
1455;106.498106061;105.893767218;93.7574035813
1456;107.00787337;106.741080948;94.4738784549
1457;106.05057733;105.363473736;92.1346560416
1458;106.00886323;105.423076923;92.1898682713
1459;106.386776983;106.14139833;92.6163536076
1460;106.16375969;106.367695289;92.0456917114
1461;106.657023888;105.779457959;92.5332018409
1462;106.78004237;105.725765213;92.3707356271
1463;106.121137483;104.789520824;91.7170473205
1464;106.101107932;105.404211608;91.5469953775
1465;106.747176736;105.619988707;91.7123094297
1466;107.114760915;106.092862093;92.0117810118
1467;107.719757275;106.991321937;93.0610074383
1468;107.538329368;106.793946603;92.7299762094
1469;106.681190073;105.349901297;90.8566694867
1470;106.907360406;105.319726452;90.785250987
1471;107.284973018;105.712190397;91.4290853743
1472;107.098810931;105.730269105;91.2753633266
1473;107.256347256;105.645099645;91.7564837565
1474;107.289023569;105.93037037;91.7548821549
1475;107.548542714;106.063316583;91.1640201005
1476;107.704133333;106.115533333;91.3348
1477;108.302896059;106.331856652;92.2380983867
1478;108.216905901;106.244816587;92.1450026582
1479;107.511515152;105.854814815;91.1609427609
1480;107.763703704;105.692929293;91.3592592593
1481;107.716549052;105.309879618;91.1936488169
1482;107.572585148;105.124511446;90.9733389168
1483;107.70569955;105.850105792;91.6082385612
1484;107.982742661;105.887397514;92.024133827
1485;108.270466667;105.7768;92.4174
1486;108.168040201;105.756649916;92.1772194305
1487;107.679798995;105.605360134;91.9659631491
1488;107.934740369;105.758592965;92.384120603
1489;108.186469963;105.628787879;92.7748538012
1490;107.988484848;105.40026936;92.4371043771
1491;107.79125;105.646776316;92.3623026316
1492;107.951578947;105.718947368;92.5610526316
1493;108.195979899;105.996056231;93.15768717
1494;108.024487179;105.851666667;92.9537179487
1495;107.580659204;106.032960199;92.5703358209
1496;107.57522514;105.846400907;92.4943636249
1497;108.347667899;106.73786234;93.6234641536
1498;108.35876178;106.781164261;93.6716569247
1499;107.603727432;107.216423995;93.3515433896
1500;107.752244992;107.480773659;93.6518535574
1501;107.908456486;107.273457659;93.7770935961
1502;107.968742669;107.244252874;93.6816209242
1503;107.186644773;106.847533905;92.6926351639
1504;107.412941677;106.888037463;92.6891686432
1505;107.338764684;106.401035746;91.8719211823
1506;107.345901225;106.471959075;92.0301250474
1507;107.054571045;106.162625552;91.1125967628
1508;107.019351935;106.148193391;91.060498907
1509;107.273173606;105.628894999;91.2472505892
1510;107.446210506;105.780513019;91.6041868579
1511;107.28310231;105.395973597;91.5700990099
1512;107.637655876;105.954125477;92.1042191639
1513;107.530180624;105.915665025;91.2606896552
1514;107.564224422;105.888250825;91.0326072607
1515;107.195489221;105.382155887;90.8885572139
1516;107.114029851;105.484311774;90.6607628524
1517;107.570207021;105.872508679;91.6011958339
1518;107.538060949;105.837662338;91.6852899576
1519;107.052114428;106.149502488;91.6461442786
1520;107.018487808;106.522265217;91.8516061667
1521;108.379773692;108.239201393;94.2534544663
1522;108.519040366;108.283919051;94.4527798934
1523;108.659169178;108.26980198;94.5814679294
1524;108.493674367;107.920957096;94.4852035204
1525;109.004050356;108.151943076;94.4025177887
1526;109.033388068;108.208210181;94.3831417625
1527;108.147363574;107.389822703;93.1182362422
1528;108.597628367;107.246258347;93.5113976514
1529;108.172046868;106.56324725;92.6895026303
1530;108.137390364;106.579178181;92.6321638832
1531;107.725985222;106.522167488;91.7858374384
1532;107.942832816;106.741166454;92.1123274342
1533;107.716192505;106.103709738;91.6957638802
1534;107.738939717;106.081589172;91.7497180098
1535;107.378110784;104.915908483;90.9704308269
1536;107.592769486;105.150978441;91.2030514096
1537;107.673932967;105.56264729;91.5898795496
1538;107.446779262;105.63256088;91.2396569783
1539;107.965828751;105.594069128;91.9016758314
1540;107.760466667;105.265133333;91.5136666667
1541;107.78842629;105.612071223;91.5527625033
1542;107.43794187;105.526446714;91.2179890024
1543;108.185;105.771753247;92.0143506494
1544;108.152467532;105.776623377;91.9464935065
1545;107.869025974;105.865844156;91.4655194805
1546;107.752922078;105.901038961;91.3781168831
1547;108.277412705;105.919082592;91.8626465662
1548;108.211408961;105.857096607;91.7480574981
1549;107.795372141;105.714615334;90.8457380183
1550;107.725698544;105.783156238;90.7037911583
1551;108.600205616;106.438668637;91.9746835443
1552;108.582106599;106.620050761;92.210786802
1553;108.997752672;107.385993683;93.3099489796
1554;108.91302521;107.695618247;93.356002401
1555;109.551341682;107.988431723;94.1700655933
1556;109.573920266;108.066385857;94.0361888942
1557;109.311855204;108.042352941;93.5233182504
1558;109.041749623;108.108838612;93.2822926094
1559;108.606964229;107.438619816;92.3068059513
1560;108.269606004;107.716885553;92.2689806129
1561;108.038466495;107.455734536;91.9230025773
1562;107.574891775;106.838428238;91.0572094572
1563;108.027168859;106.916367743;91.3926531155
1564;108.086488641;106.936760994;91.4572870998
1565;107.908130729;107.052012754;91.27700279
1566;107.761857314;107.087020061;91.1401620832
1567;108.179754274;106.94778312;91.514957265
1568;108.187433226;106.861311432;91.7248263889
1569;108.198820333;107.018490291;91.992246007
1570;108.329245781;107.092431435;92.2842827004
1571;108.518659408;107.268052732;92.4695349905
1572;108.563389519;107.243654489;92.3825670624
1573;108.116928447;106.734595248;91.3921331722
1574;108.163127671;106.789329594;91.5956864316
1575;108.852421466;107.027159686;92.4982329843
1576;108.786060209;107.178206806;92.3755890052
1577;108.696583709;107.453197466;92.5567313345
1578;108.731513744;107.700929152;92.6135630404
1579;108.933320584;107.936252948;93.1302352266
1580;108.633326959;107.978835979;92.8957735705
1581;108.691427511;108.739423553;93.6431840673
1582;108.702746165;108.734908461;93.6987877288
1583;109.218270658;108.856444829;93.9996907472
1584;109.130813953;108.879576942;93.8251484414
1585;109.078179119;108.924789708;94.0695200396
1586;109.083807521;108.943777833;94.0501608115
1587;109.242947502;108.509993675;94.3608475648
1588;109.158454291;108.345683728;94.0127960275
1589;109.444845035;108.688235294;94.1306135357
1590;109.500346021;108.780182447;94.0469959107
1591;110.0777407;109.129588432;94.3592263008
1592;109.747741103;109.214825742;93.9363820763
1593;110.223992674;109.847069597;94.293956044
1594;110.22224966;109.766020496;94.0839609828
1595;110.970593652;110.02842409;94.7529621217
1596;111.017619252;110.098778317;94.7929891338
1597;110.858512457;110.204628725;94.4623229116
1598;111.103932584;110.248045921;94.9246458232
1599;111.571710526;110.724700957;95.9625598086
1600;111.478015038;110.646255639;95.912
1601;111.003502304;110.611182796;95.6551766513
1602;111.370186335;110.65863354;95.981863354
1603;110.937957158;110.088166144;95.296630094
1604;111.05146584;110.218842826;95.4391062896
1605;110.851724138;110.492464879;95.2772669221
1606;111.149233716;110.532375479;95.8336526181
1607;111.398607207;110.747380526;96.1249680552
1608;111.416751853;110.776514183;96.0976233069
1609;111.126137513;111.049039434;96.0300808898
1610;111.512840071;111.040554284;96.2954487668
1611;111.659398977;110.878452685;96.5519820972
1612;111.648849105;110.897826087;96.5590792839
1613;111.154056696;110.807885305;95.8592375367
1614;111.296709026;110.817986315;96.1105897687
1615;111.588652482;110.758733911;96.7486209614
1616;111.332470463;110.487388823;96.4182264702
1617;111.073670213;110.673537234;96.379787234
1618;111.160239362;110.700797872;96.3732712766
1619;111.245542372;111.29721844;96.82247293
1620;110.874343513;111.39311418;96.4201517215
1621;110.916229009;111.50697011;96.3049990274
1622;110.825949367;111.334651899;96.1330432489
1623;111.70475557;111.845892917;96.7989358164
1624;111.641835717;111.901895577;96.6017958098
1625;112.230469799;112.734832215;97.0770469799
1626;112.075306122;112.61755102;96.9731292517
1627;112.466388928;112.921550628;97.0641858495
1628;112.716032989;113.088412077;97.2156136427
1629;113.291031117;113.813775337;98.6813775337
1630;113.150559651;113.785421785;98.729047229
1631;113.966351908;114.55260008;100.257747041
1632;113.904671923;114.762559458;100.7166873
1633;113.931104357;114.797703479;100.709692671
1634;113.836394558;114.848639456;100.568911565
1635;113.909301347;114.983094837;101.173751403
1636;114.114104706;115.024157616;101.49721526
1637;114.250556019;115.19912427;101.971156519
1638;114.398943564;115.177787045;102.321517932
1639;114.796183628;115.469856195;102.420630531
1640;114.151202987;115.944068031;101.941440819
1641;114.107363254;115.992356241;101.732748948
1642;114.091339696;115.975680452;101.778861789
1643;114.763591375;116.309437964;102.792788971
1644;114.774950939;116.352467059;103.086487244
1645;114.769925648;116.461677437;103.197484539
1646;114.620119692;116.262325449;103.067113138
1647;114.708443855;116.013188918;103.354332449
1648;114.444696084;116.117986558;103.339494448
1649;114.59495614;116.504751462;103.596856725
1650;114.681047198;116.338274336;103.720280236
1651;114.7151458;116.228129987;103.991948353
1652;114.787247933;116.268098071;104.151675613
1653;114.68553271;115.559925234;102.965233645
1654;114.758678899;115.56;103.02693578
1655;110.794742164;110.033367037;94.3579373104
1656;110.71562184;110.028816987;94.059908999
1657;113.260990061;113.461678135;100.873757645
1658;113.334234669;113.548140995;100.887397393
1659;113.627403846;114.371349715;102.0565349
1660;113.770150273;114.605874317;102.340505464
1661;114.183017019;115.132317562;102.494431079
1662;113.923873547;114.962572674;102.262172965
1663;111.879266978;112.697927896;97.5133548928
1664;111.725588026;112.80256593;97.5538132573
1665;112.444864308;113.107294172;98.8801099279
1666;112.689239947;113.393172779;99.4134997791
1667;112.666557947;113.608501848;99.4721678626
1668;112.260967379;113.258267717;98.790776153
1669;109.613546473;108.89370468;93.4625906394
1670;109.572676335;108.774390244;93.4296308504
1671;109.310481213;108.468029005;93.6117336849
1672;109.083583584;108.38655322;93.0558892226
1673;109.910200803;108.775261044;93.762248996
1674;110.30858396;109.239661654;94.3605889724
1675;110.460935143;109.757767722;94.2512820513
1676;113.578358974;113.983487179;100.933435897
1677;113.870731707;114.170630081;101.421544715
1678;113.731605691;114.212296748;101.379166667
1679;113.56457417;114.404838065;101.9970012
1680;112.638028739;114.455879377;101.252074479
1681;113.243608581;114.620432951;101.896267999
1682;111.473580247;112.211358025;97.6901234568
1683;113.223659004;114.556704981;101.82289272
1684;113.147064394;114.673484848;101.895738636
1685;113.303548086;114.124276377;101.649579832
1686;113.370809793;113.958380414;101.710922787
1687;113.214756944;113.866493056;102.571701389
1688;113.179025424;113.623587571;102.518714689
1689;112.706;113.00173913;101.007391304
1690;112.571327308;112.863990785;100.68013468
1691;111.602850399;111.704157589;99.2608024691
1692;111.856118373;111.631717502;99.0696259985
1693;111.095487736;110.895899644;97.71334956
1694;111.236940648;110.803126755;98.0586968732
1695;107.848635537;106.579381443;90.8292298363
1696;107.332843137;106.445833333;90.4281862745
1697;109.634463446;109.131413141;95.1483148315
1698;109.750875088;109.064506451;94.7444744474
1699;109.910352963;110.234824426;96.3644859813
1700;109.500680519;110.445966791;95.9873877144
1701;110.386316872;110.73122428;97.2170781893
1702;110.656472987;110.759938838;97.4663608563
1703;111.006143512;110.997460682;98.0539809961
1704;110.512896825;110.936177249;97.5401785714
1705;107.104408887;105.624726603;88.9118222632
1706;107.163923103;105.657073788;88.9160815011
1707;107.577681256;106.222741953;90.0317407284
1708;107.607640049;106.259048892;90.0739503285
1709;112.513156013;112.628986129;99.662019162
1710;112.531889032;112.650579151;99.691048191
1711;112.703270199;112.806554586;99.9577924381
1712;112.992693481;112.739731858;100.243526992
1713;112.610361905;111.879390476;99.2652190476
1714;112.404001241;111.628566998;98.9058622829
1715;111.926282051;111.618284493;98.4111721612
1716;112.145757021;111.681013431;98.5882173382
1717;112.756508876;111.901775148;99.4965976331
1718;113.130124399;112.450381679;100.234238055
1719;112.797414096;112.460614152;99.8444241445
1720;113.036610217;112.519218607;100.101328087
1721;113.023286346;112.483070757;100.033651189
1722;113.088377557;112.47104754;100.279090658
1723;112.418291055;112.222963952;100.178104139
1724;112.678304406;112.170694259;100.427570093
1725;112.760963794;111.888386028;100.970741968
1726;112.711435492;111.845550739;101.006310556
1727;112.04472419;111.089258603;99.7810602227
1728;111.999552887;110.994570772;99.6326647931
1729;111.730188679;110.153480807;98.9763825634
1730;111.710149642;110.092713077;99.1982433312
1731;111.51810923;110.314851485;98.5247524752
1732;111.695003163;110.425932954;98.7561037318
1733;112.546866663;111.296258967;100.199027687
1734;112.459401198;111.236287425;99.9122155689
1735;112.134889378;111.62521719;99.6767635816
1736;112.388393374;111.798563651;99.7356654697
1737;112.056746532;111.239656518;98.9153906203
1738;111.954594856;111.213078131;98.8288854003
1739;110.356878307;110.007407407;96.1452380952
1740;109.930992242;109.64597795;95.3741663264
1741;109.335431322;108.394520548;93.925657164
1742;109.395335061;108.420436875;93.8536097742
1743;108.623575913;107.434782609;92.6141982485
1744;108.751375649;107.539719445;92.703712315
1745;108.852088763;107.326068072;92.1504382848
1746;108.956742804;107.526048185;92.3758604506
1747;108.350736498;106.548445172;90.9908346972
1748;108.460865338;106.753767623;91.3441095446
1749;108.508145976;106.334066471;92.0178396872
1750;108.197684036;106.170140612;91.6628618693
1751;108.144138215;106.362073221;91.6525709585
1752;108.153846154;106.459646236;91.5584533114
1753;108.284620398;106.636770935;92.0188172043
1754;108.144307944;106.628173628;91.6188370188
1755;108.391891892;107.002066773;92.4230524642
1756;108.511701455;106.996916509;92.5361321948
1757;108.397717296;106.72583606;92.6666134568
1758;108.338175433;106.765424216;92.7141830952
1759;108.218879749;107.168115942;92.3670191931
1760;107.800140252;107.574333801;91.938211002
1761;108.536328725;107.292703533;93.0455453149
1762;108.756311413;107.581934996;93.5263794407
1763;109.093006489;108.499062725;94.1206921413
1764;108.756420878;107.750922648;93.5358138134
1765;109.432795699;107.75462963;94.304958184
1766;109.234060276;107.581705285;93.8902771468
1767;109.187877449;108.149064663;93.8834143467
1768;109.381272401;107.781884707;93.9815561529
1769;108.944294294;107.533333333;93.5516516517
1770;108.668880309;107.067490347;92.8935907336
1771;109.183019713;107.447057945;93.7702359618
1772;109.037761705;107.103159498;93.2794822992
1773;109.374382447;107.636224935;93.550639349
1774;109.37655914;107.877204301;93.6998566308
1775;110.235862262;108.150895857;94.7171052632
1776;110.451644101;108.389126831;95.0969881183
1777;110.382297297;108.637162162;95.2255405405
1778;110.405452128;108.800132979;95.3275265957
1779;110.729113593;109.262721275;96.1296622902
1780;110.590136732;109.102947033;95.8386433028
1781;109.630882762;108.292188805;94.4544695071
1782;109.28691358;108.205361552;94.0026102293
1783;109.833894737;108.331508772;94.5209122807
1784;109.576648077;108.063992564;94.1490776491
1785;108.827593835;107.421945284;93.1474080083
1786;108.729592213;107.423862547;93.1097264214
1787;109.254484804;107.317939214;93.7317272053
1788;109.241957005;107.313713862;93.7248332098
1789;108.440045767;106.979023646;92.6876430206
1790;108.440701115;107.142271796;92.6722057819
1791;109.014872145;107.129676;93.2158737385
1792;109.202157738;107.50171131;93.3564732143
1793;108.77467582;107.124485126;92.5862700229
1794;108.797368421;107.418421053;92.8130075188
1795;109.203267477;107.265881459;93.0497720365
1796;109.222112462;107.302963526;92.9081306991
1797;108.955288176;107.54248366;93.0864527629
1798;108.553781513;107.064858671;92.4263559969
1799;108.870692239;107.423658975;92.7646089302
1800;108.146508682;107.588270363;92.0143825918
1801;108.518201754;107.705190058;92.2186403509
1802;108.813813383;108.024169834;92.788926343
1803;109.448830409;108.495057087;93.7192286271
1804;109.563979393;108.515942634;93.8782372598
1805;110.078963231;109.24023843;94.711941598
1806;110.074007099;109.332127788;94.6065233407
1807;111.066489362;110.219224924;95.9639057751
1808;110.909004559;110.387221378;96.1782548126
1809;110.618579581;110.14115409;96.065884591
1810;110.768291916;110.219502988;96.6669392891
1811;110.441137566;109.435978836;95.901984127
1812;110.391269841;109.452513228;96.0574074074
1813;110.253897402;109.342971352;95.8165889407
1814;110.105533063;109.194871795;95.4564102564
1815;109.993455862;108.615148984;95.0416318574
1816;110.072562358;108.802240088;95.1908884766
1817;109.586035088;108.378736842;94.2195789474
1818;109.548148148;108.424268078;93.826031746
1819;109.440168152;107.507791549;93.6052040299
1820;108.88410524;107.790679133;92.958541712
1821;108.80326337;107.878450259;93.3906699252
1822;108.907979408;107.996210496;93.4110539111
1823;109.710526316;108.309593428;94.6544138123
1824;109.451406294;108.427527151;94.1854636591
1825;None;None;None
1826;None;None;None
